<?xml version="1.0" encoding="UTF-8"?>
<urn:PluginConfiguration isInheritExtendedContractAttributes="false" name="example_pcv" xmlns:urn="urn:sourceid.org:saml2:adapter:conf">
    <urn:Fields/>
    <urn:AdvancedFields/>
    <urn:Tables>
        <urn:Table name="Users">
            <urn:Row defaultRow="false">
                <urn:Field name="Username">example</urn:Field>
                <urn:Field name="Password">V5_2JmVXyDmZJkR7FNjygZsiydgMTAm-lKjLZcXdBuw.3voPKeZf.2</urn:Field>
                <urn:Field name="Confirm Password">E4aNs7jtSmVXnTwl5at6uWtqaW33Xm-h_qyrXcIcjdE.Zk9avziX.2</urn:Field>
                <urn:Field name="Relax Password Requirements">true</urn:Field>
            </urn:Row>
        </urn:Table>
    </urn:Tables>
</urn:PluginConfiguration>