<?xml version="1.0" encoding="UTF-8"?>
<sk:systemKeys xmlns:sk="http://pingidentity.com/2018/01/system-keys">
    <sk:currentKey>
        <sk:key>eyJhbGciOiJkaXIiLCJlbmMiOiJBMTI4Q0JDLUhTMjU2Iiwia2lkIjoiT3VTaWJvMExLbiIsInZlcnNpb24iOiI5LjMuMC45IiwiemlwIjoiREVGIn0..CbBlY3xKFtagihwAZmZ11Q.kuLyNoPQ9SSdqUfNHuCzMFPkj6xXeShiqOZZhDuVfJdtUSS9xgucO-GfqD9-QYuF.4Uad0mG6ChCujRIkv1eVSg</sk:key>
        <sk:generatedTime>2019-07-21T17:02:23.837Z</sk:generatedTime>
    </sk:currentKey>
    <sk:previousKey xsi:nil="true" xmlns:xsi="http://www.w3.org/2001/XMLSchema-instance"/>
    <sk:pendingKey>
        <sk:key>eyJhbGciOiJkaXIiLCJlbmMiOiJBMTI4Q0JDLUhTMjU2Iiwia2lkIjoiT3VTaWJvMExLbiIsInZlcnNpb24iOiI5LjMuMC45IiwiemlwIjoiREVGIn0..aqLWJuKP35llaKke2smQIw.rYcLDBFR61zxFxvNbGZozN8aKvi_GxJdR-EzB508Ot2z9Np1dgDwPI5MYwzieNah.b7Abrx-zGTsVmEMC3J-W8A</sk:key>
        <sk:generatedTime>2019-07-21T17:02:23.841Z</sk:generatedTime>
    </sk:pendingKey>
</sk:systemKeys>