<?xml version="1.0" encoding="UTF-8"?>
<con:config xmlns:con="http://www.sourceid.org/2004/05/config">
    <con:item name="lastUpdated">1568670126140</con:item>
    <con:map name="scope-descriptions">
        <con:item name="address">address</con:item>
        <con:item name="mail">mail</con:item>
        <con:item name="phone">phone</con:item>
        <con:item name="openid">openid</con:item>
        <con:item name="profile">profile</con:item>
    </con:map>
    <con:list name="dynamic-common-scopes"/>
    <con:map name="scope-group-descriptions">
        <con:item name="group1">group1</con:item>
    </con:map>
    <con:map name="scope-group-mappings">
        <con:item name="group1:5">profile</con:item>
        <con:item name="group1:4">openid</con:item>
        <con:item name="group1:1">address</con:item>
        <con:item name="group1:3">phone</con:item>
        <con:item name="group1:2">mail</con:item>
    </con:map>
    <con:map name="exclusive-scope-descriptions"/>
    <con:list name="dynamic-exclusive-scopes"/>
    <con:map name="exclusive-scope-group-descriptions"/>
    <con:map name="exclusive-scope-group-mappings"/>
</con:config>